audit_id,user_id,action,resource,record_id,old_value,new_value,requires_approval,approval_status,approved_by,approved_at,ip_address,timestamp,notes
1,1,UPDATE,users,20,"{""is_approved"": false}","{""is_approved"": true}",False,N/A,,,192.168.1.26,2022-06-02 06:33:10,Contracted staff account approved by admin
2,1,UPDATE,users,17,"{""is_approved"": false}","{""is_approved"": true}",False,N/A,,,192.168.1.132,2022-06-22 11:07:12,Contracted staff account approved by admin
3,1,UPDATE,users,19,"{""is_approved"": false}","{""is_approved"": true}",False,N/A,,,192.168.4.237,2022-11-07 08:35:16,Contracted staff account approved by admin
4,1,UPDATE,users,18,"{""is_approved"": false}","{""is_approved"": true}",False,N/A,,,192.168.5.27,2022-11-21 08:18:06,Contracted staff account approved by admin
5,5,UPDATE,residents,37,"{""case_status"": ""On Hold""}","{""case_status"": ""Closed""}",True,Approved,15,2026-03-25 21:08:34,192.168.5.176,2023-01-02 11:42:28,
6,3,INSERT,process_recordings,2182,,,False,N/A,,,192.168.1.19,2023-01-02 14:01:43,
7,8,UPDATE,residents,42,"{""reintegration_status"": ""Completed""}","{""reintegration_status"": ""On Hold""}",True,Approved,15,2024-11-12 03:48:25,192.168.1.180,2023-01-02 18:48:49,
8,2,INSERT,incident_reports,6,,,False,N/A,,,192.168.5.196,2023-01-02 18:50:36,
9,13,INSERT,home_visitations,1042,,,False,N/A,,,192.168.3.233,2023-01-16 02:31:26,
10,18,INSERT,process_recordings,658,,,False,N/A,,,192.168.5.57,2023-01-21 08:27:34,
11,17,INSERT,process_recordings,952,,,False,N/A,,,192.168.4.211,2023-01-26 01:41:35,
12,10,INSERT,incident_reports,21,,,False,N/A,,,192.168.4.71,2023-01-26 17:59:19,
13,10,LOGOUT,users,10,,,False,N/A,,,192.168.4.235,2023-01-27 16:08:05,
14,15,LOGOUT,users,15,,,False,N/A,,,192.168.5.125,2023-01-29 10:19:49,
15,15,LOGOUT,users,15,,,False,N/A,,,192.168.5.20,2023-02-01 17:45:22,
16,7,INSERT,home_visitations,1308,,,False,N/A,,,192.168.2.100,2023-02-01 18:02:25,
17,13,INSERT,education_records,108,,,False,N/A,,,192.168.2.171,2023-02-10 02:36:31,
18,16,UPDATE,residents,12,"{""current_risk_level"": ""High""}","{""current_risk_level"": ""Medium""}",True,Approved,16,2023-07-27 13:35:14,192.168.1.107,2023-02-13 17:26:52,
19,12,INSERT,health_records,323,,,False,N/A,,,192.168.2.232,2023-02-15 23:25:27,
20,5,INSERT,health_records,192,,,False,N/A,,,192.168.1.209,2023-02-25 16:31:40,
21,13,INSERT,education_records,26,,,False,N/A,,,192.168.2.54,2023-02-27 17:18:45,
22,17,INSERT,home_visitations,1007,,,False,N/A,,,192.168.4.29,2023-03-01 20:49:39,
23,1,VIEW,incident_reports,85,,,False,N/A,,,192.168.3.15,2023-03-10 11:04:57,
24,15,INSERT,incident_reports,57,,,False,N/A,,,192.168.1.37,2023-03-11 17:53:36,
25,6,LOGIN,users,6,,,False,N/A,,,192.168.2.172,2023-03-20 11:33:14,
26,4,UPDATE,residents,3,"{""reintegration_status"": ""Completed""}","{""reintegration_status"": ""On Hold""}",True,Approved,15,2025-10-10 01:01:00,192.168.2.18,2023-03-20 23:21:10,
27,1,UPDATE,residents,19,"{""reintegration_status"": ""On Hold""}","{""reintegration_status"": ""Completed""}",True,Pending,,,192.168.1.73,2023-04-04 01:16:35,
28,16,VIEW,process_recordings,2611,,,False,N/A,,,192.168.4.214,2023-04-16 22:08:57,
29,14,INSERT,process_recordings,893,,,False,N/A,,,192.168.4.82,2023-04-26 19:42:42,
30,6,VIEW,incident_reports,11,,,False,N/A,,,192.168.4.140,2023-05-04 23:17:23,
31,9,LOGIN,users,9,,,False,N/A,,,192.168.5.83,2023-05-14 19:31:30,
32,11,LOGIN,users,11,,,False,N/A,,,192.168.3.198,2023-05-24 14:00:54,
33,16,INSERT,incident_reports,16,,,False,N/A,,,192.168.3.79,2023-05-26 08:29:30,
34,11,LOGOUT,users,11,,,False,N/A,,,192.168.5.119,2023-05-28 11:01:40,
35,7,INSERT,education_records,403,,,False,N/A,,,192.168.4.29,2023-05-29 11:22:19,
36,1,UPDATE,intervention_plans,84,"{""status"": ""In Progress""}","{""status"": ""Completed""}",True,Pending,,,192.168.1.231,2023-05-29 20:30:38,
37,7,LOGIN,users,7,,,False,N/A,,,192.168.2.202,2023-05-30 18:48:53,
38,7,VIEW,process_recordings,1697,,,False,N/A,,,192.168.2.177,2023-06-04 13:48:06,
39,3,LOGIN,users,3,,,False,N/A,,,192.168.2.36,2023-06-10 04:22:01,
40,10,VIEW,incident_reports,71,,,False,N/A,,,192.168.5.173,2023-06-14 22:28:28,
41,5,INSERT,education_records,127,,,False,N/A,,,192.168.3.208,2023-06-16 03:13:57,
42,15,INSERT,incident_reports,66,,,False,N/A,,,192.168.4.82,2023-06-17 12:32:48,
43,1,UPDATE,intervention_plans,154,"{""status"": ""Cancelled""}","{""status"": ""In Progress""}",True,Approved,15,2024-10-24 05:31:20,192.168.1.44,2023-06-18 22:25:34,
44,3,LOGOUT,users,3,,,False,N/A,,,192.168.5.53,2023-06-19 18:35:51,
45,16,UPDATE,residents,34,"{""current_risk_level"": ""Critical""}","{""current_risk_level"": ""Low""}",True,Approved,15,2024-01-19 20:57:46,192.168.2.238,2023-06-23 02:26:54,
46,12,INSERT,process_recordings,2780,,,False,N/A,,,192.168.1.214,2023-07-06 14:45:02,
47,1,INSERT,process_recordings,2038,,,False,N/A,,,192.168.5.122,2023-07-08 23:09:26,
48,15,INSERT,health_records,99,,,False,N/A,,,192.168.3.44,2023-07-10 03:35:32,
49,4,VIEW,incident_reports,31,,,False,N/A,,,192.168.1.131,2023-07-12 14:24:54,
50,15,VIEW,process_recordings,827,,,False,N/A,,,192.168.2.186,2023-07-29 15:00:56,
51,4,INSERT,education_records,525,,,False,N/A,,,192.168.5.8,2023-08-02 14:01:26,
52,6,INSERT,process_recordings,1237,,,False,N/A,,,192.168.4.179,2023-08-03 05:53:58,
53,11,VIEW,incident_reports,76,,,False,N/A,,,192.168.2.74,2023-08-12 12:16:26,
54,14,INSERT,process_recordings,1099,,,False,N/A,,,192.168.4.76,2023-08-15 08:07:13,
55,4,LOGIN,users,4,,,False,N/A,,,192.168.1.115,2023-08-16 01:04:46,
56,8,VIEW,incident_reports,84,,,False,N/A,,,192.168.1.35,2023-08-18 12:04:47,
57,9,VIEW,process_recordings,1962,,,False,N/A,,,192.168.5.207,2023-08-20 03:20:54,
58,17,INSERT,process_recordings,2341,,,False,N/A,,,192.168.5.192,2023-08-27 01:13:48,
59,7,INSERT,incident_reports,73,,,False,N/A,,,192.168.1.246,2023-09-03 05:03:12,
60,12,LOGOUT,users,12,,,False,N/A,,,192.168.3.172,2023-09-03 14:26:23,
61,11,UPDATE,intervention_plans,82,"{""status"": ""Cancelled""}","{""status"": ""In Progress""}",True,Approved,15,2024-02-21 02:05:58,192.168.1.90,2023-09-04 22:27:37,
62,7,UPDATE,residents,36,"{""current_risk_level"": ""Medium""}","{""current_risk_level"": ""High""}",True,Approved,16,2025-05-14 00:56:44,192.168.3.166,2023-09-05 11:25:23,
63,5,LOGIN,users,5,,,False,N/A,,,192.168.3.16,2023-09-08 00:31:50,
64,3,LOGOUT,users,3,,,False,N/A,,,192.168.1.244,2023-09-14 20:37:56,
65,16,LOGOUT,users,16,,,False,N/A,,,192.168.4.100,2023-09-21 09:25:02,
66,17,INSERT,incident_reports,5,,,False,N/A,,,192.168.5.39,2023-09-24 14:27:47,
67,2,INSERT,incident_reports,13,,,False,N/A,,,192.168.5.211,2023-09-27 06:48:01,
68,6,VIEW,process_recordings,1022,,,False,N/A,,,192.168.1.155,2023-09-29 23:08:21,
69,6,UPDATE,intervention_plans,80,"{""status"": ""On Hold""}","{""status"": ""Completed""}",True,Approved,16,2025-07-23 04:24:27,192.168.3.64,2023-10-01 10:21:23,
70,8,INSERT,home_visitations,957,,,False,N/A,,,192.168.5.202,2023-10-04 07:49:15,
71,2,INSERT,education_records,139,,,False,N/A,,,192.168.3.119,2023-10-12 18:44:52,
72,16,LOGIN,users,16,,,False,N/A,,,192.168.1.21,2023-10-25 18:38:39,
73,9,INSERT,process_recordings,1468,,,False,N/A,,,192.168.1.251,2023-11-11 23:58:47,
74,1,INSERT,health_records,434,,,False,N/A,,,192.168.1.243,2023-11-16 22:15:58,
75,5,LOGIN,users,5,,,False,N/A,,,192.168.1.42,2023-11-23 02:51:04,
76,20,LOGOUT,users,20,,,False,N/A,,,192.168.5.121,2023-12-07 10:50:49,
77,11,VIEW,incident_reports,56,,,False,N/A,,,192.168.3.67,2023-12-16 16:49:26,
78,13,INSERT,incident_reports,2,,,False,N/A,,,192.168.5.157,2023-12-20 20:18:27,
79,1,LOGOUT,users,1,,,False,N/A,,,192.168.1.171,2024-01-08 16:20:22,
80,9,LOGIN,users,9,,,False,N/A,,,192.168.2.211,2024-01-09 14:14:53,
81,14,INSERT,process_recordings,1872,,,False,N/A,,,192.168.4.104,2024-01-31 14:43:11,
82,17,LOGOUT,users,17,,,False,N/A,,,192.168.4.249,2024-01-31 23:39:41,
83,9,LOGOUT,users,9,,,False,N/A,,,192.168.2.139,2024-02-01 06:50:58,
84,14,UPDATE,intervention_plans,75,"{""status"": ""In Progress""}","{""status"": ""Cancelled""}",True,Approved,16,2025-08-11 00:26:51,192.168.1.233,2024-02-03 20:47:17,
85,3,UPDATE,residents,24,"{""current_risk_level"": ""Low""}","{""current_risk_level"": ""High""}",True,Approved,16,2025-09-04 16:57:52,192.168.5.181,2024-02-17 01:51:20,
86,4,INSERT,education_records,167,,,False,N/A,,,192.168.5.235,2024-02-23 08:54:22,
87,9,INSERT,education_records,16,,,False,N/A,,,192.168.2.75,2024-02-23 13:03:37,
88,10,INSERT,home_visitations,415,,,False,N/A,,,192.168.3.88,2024-02-29 05:42:43,
89,10,INSERT,education_records,431,,,False,N/A,,,192.168.1.116,2024-03-03 07:09:04,
90,1,VIEW,incident_reports,24,,,False,N/A,,,192.168.5.242,2024-03-05 12:13:43,
91,19,LOGOUT,users,19,,,False,N/A,,,192.168.3.45,2024-03-09 12:09:50,
92,9,INSERT,education_records,480,,,False,N/A,,,192.168.5.24,2024-03-10 15:39:37,
93,2,VIEW,incident_reports,31,,,False,N/A,,,192.168.2.13,2024-03-12 00:00:28,
94,11,LOGOUT,users,11,,,False,N/A,,,192.168.3.194,2024-03-12 14:28:01,
95,12,UPDATE,residents,12,"{""case_status"": ""Closed""}","{""case_status"": ""On Hold""}",True,Pending,,,192.168.1.31,2024-03-13 21:49:42,
96,15,VIEW,incident_reports,59,,,False,N/A,,,192.168.4.25,2024-03-15 04:24:11,
97,20,LOGIN,users,20,,,False,N/A,,,192.168.4.131,2024-03-17 11:15:11,
98,7,UPDATE,intervention_plans,16,"{""status"": ""Completed""}","{""status"": ""Cancelled""}",True,Approved,16,2024-06-29 19:11:45,192.168.1.188,2024-03-18 01:21:57,
99,15,UPDATE,residents,43,"{""case_status"": ""Closed""}","{""case_status"": ""On Hold""}",True,Approved,15,2024-04-27 05:48:43,192.168.2.238,2024-04-01 16:13:25,
100,9,UPDATE,residents,25,"{""current_risk_level"": ""Critical""}","{""current_risk_level"": ""Low""}",True,Approved,16,2024-09-14 08:11:10,192.168.4.155,2024-04-12 09:05:27,
101,13,INSERT,process_recordings,1532,,,False,N/A,,,192.168.5.195,2024-04-15 15:42:55,
102,7,INSERT,health_records,285,,,False,N/A,,,192.168.3.243,2024-04-17 18:41:45,
103,6,VIEW,incident_reports,56,,,False,N/A,,,192.168.4.158,2024-04-21 19:29:41,
104,10,INSERT,incident_reports,14,,,False,N/A,,,192.168.1.7,2024-05-10 21:45:12,
105,19,LOGOUT,users,19,,,False,N/A,,,192.168.3.121,2024-05-15 22:34:20,
106,6,VIEW,process_recordings,1001,,,False,N/A,,,192.168.1.103,2024-05-16 22:21:15,
107,9,UPDATE,residents,38,"{""current_risk_level"": ""Critical""}","{""current_risk_level"": ""High""}",True,Approved,15,2024-07-25 22:24:06,192.168.5.161,2024-05-21 10:57:40,
108,12,INSERT,incident_reports,56,,,False,N/A,,,192.168.2.208,2024-05-27 13:09:40,
109,6,UPDATE,intervention_plans,135,"{""status"": ""On Hold""}","{""status"": ""Cancelled""}",True,Pending,,,192.168.5.252,2024-06-03 06:12:53,
110,5,INSERT,home_visitations,1040,,,False,N/A,,,192.168.1.177,2024-06-24 23:28:31,
111,5,INSERT,incident_reports,9,,,False,N/A,,,192.168.1.123,2024-07-02 02:21:39,
112,11,INSERT,home_visitations,268,,,False,N/A,,,192.168.5.95,2024-07-02 17:55:32,
113,2,INSERT,incident_reports,23,,,False,N/A,,,192.168.5.225,2024-07-04 08:53:30,
114,1,LOGIN,users,1,,,False,N/A,,,192.168.4.120,2024-07-10 18:42:19,
115,10,VIEW,incident_reports,99,,,False,N/A,,,192.168.3.131,2024-07-11 11:36:43,
116,13,INSERT,health_records,79,,,False,N/A,,,192.168.2.131,2024-07-17 10:31:14,
117,16,VIEW,process_recordings,1354,,,False,N/A,,,192.168.5.72,2024-07-18 06:08:59,
118,13,VIEW,incident_reports,43,,,False,N/A,,,192.168.2.159,2024-07-21 06:50:12,
119,2,INSERT,health_records,175,,,False,N/A,,,192.168.1.250,2024-07-21 17:35:45,
120,2,INSERT,health_records,89,,,False,N/A,,,192.168.5.49,2024-07-22 17:06:14,
121,15,UPDATE,intervention_plans,14,"{""status"": ""On Hold""}","{""status"": ""Completed""}",True,Approved,15,2024-09-17 07:36:02,192.168.1.52,2024-07-23 19:25:58,
122,13,LOGIN,users,13,,,False,N/A,,,192.168.3.154,2024-08-02 17:02:41,
123,1,LOGIN,users,1,,,False,N/A,,,192.168.2.10,2024-08-06 21:38:47,
124,12,UPDATE,intervention_plans,167,"{""status"": ""In Progress""}","{""status"": ""On Hold""}",True,Pending,,,192.168.1.71,2024-08-15 17:04:20,
125,2,INSERT,incident_reports,7,,,False,N/A,,,192.168.4.42,2024-08-17 06:54:24,
126,10,INSERT,incident_reports,7,,,False,N/A,,,192.168.4.10,2024-08-17 23:45:11,
127,13,LOGOUT,users,13,,,False,N/A,,,192.168.1.243,2024-08-20 00:47:09,
128,4,VIEW,incident_reports,42,,,False,N/A,,,192.168.3.215,2024-08-21 08:13:28,
129,7,LOGOUT,users,7,,,False,N/A,,,192.168.2.85,2024-08-26 14:18:49,
130,16,UPDATE,intervention_plans,76,"{""status"": ""In Progress""}","{""status"": ""Completed""}",True,Approved,15,2026-03-09 05:02:11,192.168.4.224,2024-08-27 06:17:15,
131,15,LOGIN,users,15,,,False,N/A,,,192.168.4.27,2024-08-29 05:53:43,
132,1,INSERT,education_records,447,,,False,N/A,,,192.168.4.55,2024-09-06 20:45:22,
133,4,VIEW,process_recordings,2566,,,False,N/A,,,192.168.3.134,2024-09-07 22:23:47,
134,15,VIEW,process_recordings,2626,,,False,N/A,,,192.168.4.215,2024-09-14 12:53:07,
135,9,UPDATE,residents,28,"{""current_risk_level"": ""High""}","{""current_risk_level"": ""Low""}",True,Pending,,,192.168.4.12,2024-09-18 19:09:23,
136,17,LOGIN,users,17,,,False,N/A,,,192.168.5.243,2024-09-19 16:53:46,
137,16,INSERT,health_records,186,,,False,N/A,,,192.168.4.124,2024-09-27 14:19:07,
138,16,INSERT,health_records,460,,,False,N/A,,,192.168.4.186,2024-09-29 10:18:14,
139,17,LOGOUT,users,17,,,False,N/A,,,192.168.4.225,2024-10-18 03:08:14,
140,2,INSERT,home_visitations,325,,,False,N/A,,,192.168.4.35,2024-10-19 05:23:00,
141,16,LOGIN,users,16,,,False,N/A,,,192.168.1.24,2024-10-21 06:55:58,
142,5,LOGIN,users,5,,,False,N/A,,,192.168.1.122,2024-10-24 10:04:44,
143,12,LOGOUT,users,12,,,False,N/A,,,192.168.1.66,2024-11-03 08:10:13,
144,7,LOGOUT,users,7,,,False,N/A,,,192.168.5.181,2024-11-10 20:26:17,
145,4,INSERT,process_recordings,1233,,,False,N/A,,,192.168.3.25,2024-11-13 21:53:25,
146,4,UPDATE,residents,23,"{""case_status"": ""Closed""}","{""case_status"": ""On Hold""}",True,Pending,,,192.168.5.36,2024-11-26 04:38:21,
147,16,VIEW,process_recordings,1324,,,False,N/A,,,192.168.2.72,2024-11-30 15:54:44,
148,15,INSERT,incident_reports,53,,,False,N/A,,,192.168.1.140,2024-12-02 14:43:33,
149,10,LOGIN,users,10,,,False,N/A,,,192.168.5.189,2024-12-05 23:02:56,
150,7,VIEW,process_recordings,1980,,,False,N/A,,,192.168.1.233,2024-12-17 06:09:29,
151,11,UPDATE,intervention_plans,152,"{""status"": ""On Hold""}","{""status"": ""In Progress""}",True,Approved,15,2025-09-18 18:53:59,192.168.1.254,2024-12-21 04:56:58,
152,1,VIEW,process_recordings,1367,,,False,N/A,,,192.168.2.197,2024-12-26 04:10:06,
153,14,INSERT,education_records,99,,,False,N/A,,,192.168.5.245,2024-12-28 20:04:12,
154,2,INSERT,home_visitations,1267,,,False,N/A,,,192.168.4.224,2025-01-03 14:14:17,
155,2,INSERT,home_visitations,221,,,False,N/A,,,192.168.1.199,2025-01-05 08:36:30,
156,6,UPDATE,residents,1,"{""case_status"": ""Closed""}","{""case_status"": ""On Hold""}",True,Pending,,,192.168.1.34,2025-01-06 18:55:32,
157,11,INSERT,health_records,270,,,False,N/A,,,192.168.3.241,2025-01-10 09:47:59,
158,1,LOGIN,users,1,,,False,N/A,,,192.168.2.195,2025-01-17 20:45:38,
159,3,LOGIN,users,3,,,False,N/A,,,192.168.2.139,2025-01-18 04:53:10,
160,13,LOGIN,users,13,,,False,N/A,,,192.168.5.178,2025-01-28 13:52:43,
161,6,VIEW,incident_reports,14,,,False,N/A,,,192.168.3.186,2025-01-30 03:05:09,
162,5,LOGIN,users,5,,,False,N/A,,,192.168.5.76,2025-02-04 13:22:16,
163,5,INSERT,education_records,246,,,False,N/A,,,192.168.5.39,2025-02-08 16:15:22,
164,9,LOGIN,users,9,,,False,N/A,,,192.168.2.203,2025-02-11 07:05:52,
165,4,INSERT,incident_reports,33,,,False,N/A,,,192.168.3.108,2025-02-12 12:43:50,
166,10,UPDATE,residents,33,"{""reintegration_status"": ""Completed""}","{""reintegration_status"": ""On Hold""}",True,Approved,16,2025-10-23 10:11:25,192.168.3.72,2025-02-14 21:09:48,
167,16,INSERT,health_records,240,,,False,N/A,,,192.168.3.207,2025-02-27 06:37:05,
168,10,INSERT,education_records,118,,,False,N/A,,,192.168.3.247,2025-03-21 08:47:49,
169,3,INSERT,education_records,346,,,False,N/A,,,192.168.5.188,2025-03-21 21:04:27,
170,8,VIEW,process_recordings,1753,,,False,N/A,,,192.168.5.163,2025-03-24 23:23:58,
171,5,LOGOUT,users,5,,,False,N/A,,,192.168.4.75,2025-03-29 08:22:01,
172,6,INSERT,incident_reports,18,,,False,N/A,,,192.168.5.128,2025-03-30 18:19:52,
173,15,VIEW,process_recordings,1635,,,False,N/A,,,192.168.4.254,2025-04-01 13:11:24,
174,13,LOGOUT,users,13,,,False,N/A,,,192.168.1.111,2025-04-08 03:57:31,
175,3,LOGOUT,users,3,,,False,N/A,,,192.168.1.70,2025-04-15 17:07:01,
176,20,LOGIN,users,20,,,False,N/A,,,192.168.3.74,2025-04-20 08:14:50,
177,4,LOGOUT,users,4,,,False,N/A,,,192.168.3.122,2025-04-21 16:52:51,
178,15,INSERT,health_records,491,,,False,N/A,,,192.168.2.30,2025-04-26 15:25:37,
179,2,VIEW,process_recordings,2769,,,False,N/A,,,192.168.4.109,2025-05-04 14:56:24,
180,3,LOGIN,users,3,,,False,N/A,,,192.168.4.131,2025-05-05 09:35:04,
181,11,LOGIN,users,11,,,False,N/A,,,192.168.3.137,2025-05-05 22:18:27,
182,15,LOGOUT,users,15,,,False,N/A,,,192.168.1.90,2025-05-07 14:03:54,
183,4,LOGIN,users,4,,,False,N/A,,,192.168.5.61,2025-05-16 15:49:22,
184,14,INSERT,home_visitations,277,,,False,N/A,,,192.168.2.152,2025-05-18 13:07:40,
185,2,INSERT,health_records,169,,,False,N/A,,,192.168.2.213,2025-05-20 03:14:11,
186,5,UPDATE,intervention_plans,151,"{""status"": ""Completed""}","{""status"": ""On Hold""}",True,Pending,,,192.168.2.211,2025-05-28 06:43:54,
187,3,UPDATE,residents,22,"{""reintegration_status"": ""In Progress""}","{""reintegration_status"": ""On Hold""}",True,Approved,16,2025-08-06 00:57:15,192.168.1.227,2025-06-11 11:23:01,
188,1,UPDATE,residents,59,"{""reintegration_status"": ""Completed""}","{""reintegration_status"": ""On Hold""}",True,Approved,16,2025-11-15 17:14:06,192.168.4.231,2025-06-12 08:52:12,
189,17,LOGOUT,users,17,,,False,N/A,,,192.168.5.107,2025-06-14 15:37:24,
190,4,INSERT,health_records,342,,,False,N/A,,,192.168.4.153,2025-06-15 08:38:44,
191,8,LOGIN,users,8,,,False,N/A,,,192.168.4.241,2025-06-15 23:28:23,
192,1,LOGOUT,users,1,,,False,N/A,,,192.168.4.111,2025-06-23 12:46:08,
193,17,LOGOUT,users,17,,,False,N/A,,,192.168.4.23,2025-06-24 11:50:38,
194,13,INSERT,home_visitations,826,,,False,N/A,,,192.168.2.11,2025-06-27 14:19:46,
195,7,LOGOUT,users,7,,,False,N/A,,,192.168.1.241,2025-06-29 16:42:17,
196,18,INSERT,education_records,158,,,False,N/A,,,192.168.5.224,2025-06-30 10:39:47,
197,11,VIEW,process_recordings,1330,,,False,N/A,,,192.168.1.112,2025-07-08 23:44:33,
198,11,INSERT,education_records,317,,,False,N/A,,,192.168.2.163,2025-07-11 07:21:39,
199,16,VIEW,process_recordings,2354,,,False,N/A,,,192.168.5.82,2025-07-18 06:38:26,
200,16,LOGOUT,users,16,,,False,N/A,,,192.168.1.121,2025-07-18 08:55:02,
201,14,INSERT,home_visitations,895,,,False,N/A,,,192.168.2.3,2025-07-19 21:02:16,
202,2,INSERT,health_records,28,,,False,N/A,,,192.168.5.64,2025-07-21 19:36:10,
203,12,INSERT,incident_reports,26,,,False,N/A,,,192.168.2.84,2025-07-25 08:09:29,
204,19,LOGOUT,users,19,,,False,N/A,,,192.168.5.15,2025-07-29 00:30:18,
205,13,UPDATE,residents,38,"{""case_status"": ""On Hold""}","{""case_status"": ""Closed""}",True,Approved,16,2025-08-17 03:56:43,192.168.1.9,2025-08-16 18:17:25,
206,8,INSERT,process_recordings,1266,,,False,N/A,,,192.168.1.136,2025-08-17 11:41:42,
207,10,VIEW,process_recordings,2466,,,False,N/A,,,192.168.3.22,2025-08-22 16:53:39,
208,11,VIEW,process_recordings,55,,,False,N/A,,,192.168.5.161,2025-09-01 01:32:38,
209,2,LOGIN,users,2,,,False,N/A,,,192.168.1.191,2025-09-09 12:13:39,
210,19,LOGIN,users,19,,,False,N/A,,,192.168.4.60,2025-09-10 09:53:29,
211,7,UPDATE,intervention_plans,119,"{""status"": ""Completed""}","{""status"": ""In Progress""}",True,Approved,16,2025-11-20 16:29:47,192.168.4.215,2025-09-12 21:03:45,
212,13,INSERT,process_recordings,1271,,,False,N/A,,,192.168.2.172,2025-09-22 05:58:54,
213,17,LOGOUT,users,17,,,False,N/A,,,192.168.2.66,2025-09-25 07:41:53,
214,11,LOGIN,users,11,,,False,N/A,,,192.168.4.49,2025-09-27 19:48:35,
215,20,LOGOUT,users,20,,,False,N/A,,,192.168.3.165,2025-10-02 12:45:01,
216,13,LOGIN,users,13,,,False,N/A,,,192.168.4.217,2025-10-06 16:12:39,
217,6,VIEW,process_recordings,367,,,False,N/A,,,192.168.1.183,2025-10-12 08:37:15,
218,16,LOGOUT,users,16,,,False,N/A,,,192.168.1.38,2025-10-13 18:13:22,
219,16,FAILED_LOGIN,users,16,,,False,N/A,,,192.168.5.101,2025-10-15 05:47:09,
220,6,INSERT,home_visitations,266,,,False,N/A,,,192.168.4.32,2025-10-16 06:45:47,
221,11,INSERT,education_records,178,,,False,N/A,,,192.168.1.143,2025-10-19 09:18:34,
222,18,LOGOUT,users,18,,,False,N/A,,,192.168.3.237,2025-10-20 07:05:13,
223,19,LOGIN,users,19,,,False,N/A,,,192.168.5.201,2025-10-21 05:28:18,
224,9,UPDATE,residents,59,"{""reintegration_status"": ""On Hold""}","{""reintegration_status"": ""In Progress""}",True,Approved,16,2026-03-06 17:13:43,192.168.3.217,2025-10-21 17:30:29,
225,3,INSERT,incident_reports,48,,,False,N/A,,,192.168.3.234,2025-10-22 11:10:31,
226,13,INSERT,process_recordings,1989,,,False,N/A,,,192.168.1.111,2025-10-23 08:23:11,
227,5,LOGOUT,users,5,,,False,N/A,,,192.168.5.1,2025-10-24 00:21:41,
228,15,VIEW,process_recordings,1560,,,False,N/A,,,192.168.5.187,2025-10-24 03:24:43,
229,8,UPDATE,residents,35,"{""case_status"": ""On Hold""}","{""case_status"": ""Closed""}",True,Pending,,,192.168.5.9,2025-11-09 00:47:45,
230,8,INSERT,incident_reports,74,,,False,N/A,,,192.168.2.77,2025-11-14 16:29:20,
231,4,VIEW,incident_reports,98,,,False,N/A,,,192.168.3.102,2025-11-17 16:18:51,
232,1,INSERT,process_recordings,1163,,,False,N/A,,,192.168.4.82,2025-11-18 06:26:57,
233,15,UPDATE,residents,6,"{""current_risk_level"": ""Critical""}","{""current_risk_level"": ""High""}",True,Approved,16,2026-02-19 19:20:29,192.168.1.70,2025-11-23 15:26:31,
234,15,INSERT,education_records,253,,,False,N/A,,,192.168.5.70,2025-11-24 14:26:40,
235,8,INSERT,home_visitations,804,,,False,N/A,,,192.168.3.118,2025-11-25 01:30:12,
236,12,INSERT,incident_reports,48,,,False,N/A,,,192.168.2.27,2025-11-27 05:50:20,
237,17,INSERT,home_visitations,1205,,,False,N/A,,,192.168.1.108,2025-11-29 18:02:35,
238,17,LOGOUT,users,17,,,False,N/A,,,192.168.4.15,2025-12-05 04:41:51,
239,3,VIEW,incident_reports,34,,,False,N/A,,,192.168.4.22,2025-12-06 04:01:46,
240,18,INSERT,incident_reports,30,,,False,N/A,,,192.168.1.240,2025-12-06 14:03:31,
241,10,INSERT,process_recordings,1220,,,False,N/A,,,192.168.1.79,2025-12-08 13:42:25,
242,9,UPDATE,residents,9,"{""case_status"": ""Closed""}","{""case_status"": ""On Hold""}",True,Approved,15,2026-02-05 13:20:59,192.168.4.44,2025-12-09 18:45:55,
243,10,LOGIN,users,10,,,False,N/A,,,192.168.1.123,2025-12-17 04:33:00,
244,12,LOGOUT,users,12,,,False,N/A,,,192.168.1.55,2025-12-17 06:00:32,
245,3,UPDATE,residents,14,"{""reintegration_status"": ""On Hold""}","{""reintegration_status"": ""In Progress""}",True,Approved,15,2025-12-28 06:59:00,192.168.2.120,2025-12-24 03:51:30,
246,6,UPDATE,residents,2,"{""reintegration_status"": ""On Hold""}","{""reintegration_status"": ""In Progress""}",True,Approved,16,2026-03-04 15:19:56,192.168.3.65,2025-12-25 12:58:13,
247,17,INSERT,health_records,237,,,False,N/A,,,192.168.5.226,2025-12-26 15:24:34,
248,1,UPDATE,residents,48,"{""reintegration_status"": ""On Hold""}","{""reintegration_status"": ""In Progress""}",True,Pending,,,192.168.4.222,2025-12-29 12:40:41,
249,8,VIEW,incident_reports,69,,,False,N/A,,,192.168.4.238,2025-12-30 21:40:54,
250,16,INSERT,education_records,191,,,False,N/A,,,192.168.1.204,2026-01-02 18:29:04,
251,18,LOGIN,users,18,,,False,N/A,,,192.168.2.191,2026-01-03 21:36:19,
252,8,INSERT,education_records,443,,,False,N/A,,,192.168.4.98,2026-01-09 03:01:33,
253,10,UPDATE,residents,23,"{""current_risk_level"": ""Critical""}","{""current_risk_level"": ""High""}",True,Approved,16,2026-03-04 22:43:47,192.168.5.160,2026-01-11 12:59:34,
254,14,INSERT,health_records,234,,,False,N/A,,,192.168.5.125,2026-01-16 03:28:45,
255,16,VIEW,process_recordings,672,,,False,N/A,,,192.168.1.46,2026-01-16 12:13:58,
256,17,LOGIN,users,17,,,False,N/A,,,192.168.5.31,2026-01-24 08:47:37,
257,18,INSERT,home_visitations,201,,,False,N/A,,,192.168.5.152,2026-01-25 10:21:18,
258,15,INSERT,education_records,229,,,False,N/A,,,192.168.4.65,2026-01-30 01:01:14,
259,3,INSERT,process_recordings,174,,,False,N/A,,,192.168.1.137,2026-02-08 22:09:27,
260,11,UPDATE,intervention_plans,76,"{""status"": ""On Hold""}","{""status"": ""Cancelled""}",True,Pending,,,192.168.5.102,2026-02-14 09:37:22,
261,3,LOGIN,users,3,,,False,N/A,,,192.168.2.3,2026-02-15 23:16:06,
262,1,UPDATE,residents,39,"{""current_risk_level"": ""Critical""}","{""current_risk_level"": ""Low""}",True,Approved,16,2026-03-23 11:17:10,192.168.5.153,2026-02-17 03:39:18,
263,11,INSERT,process_recordings,1578,,,False,N/A,,,192.168.1.228,2026-02-27 04:34:13,
264,11,INSERT,incident_reports,40,,,False,N/A,,,192.168.1.169,2026-03-04 13:11:35,
265,6,UPDATE,intervention_plans,177,"{""status"": ""Completed""}","{""status"": ""In Progress""}",True,Approved,16,2026-04-01 10:09:50,192.168.1.95,2026-03-07 04:17:36,
266,1,LOGIN,users,1,,,False,N/A,,,192.168.2.127,2026-03-08 17:41:04,
267,12,LOGOUT,users,12,,,False,N/A,,,192.168.4.148,2026-03-12 06:22:09,
268,18,LOGIN,users,18,,,False,N/A,,,192.168.3.7,2026-03-13 18:47:20,
269,17,INSERT,home_visitations,701,,,False,N/A,,,192.168.4.195,2026-03-14 01:25:22,
270,3,UPDATE,residents,49,"{""reintegration_status"": ""In Progress""}","{""reintegration_status"": ""Completed""}",True,Approved,15,2026-03-31 17:38:48,192.168.3.113,2026-03-18 06:45:13,
271,8,INSERT,health_records,313,,,False,N/A,,,192.168.3.61,2026-04-02 03:19:42,
272,7,UPDATE,residents,12,"{""reintegration_status"": ""In Progress""}","{""reintegration_status"": ""On Hold""}",True,Approved,15,2026-04-03 16:02:04,192.168.3.98,2026-04-03 03:49:29,
