resident_id,resident_first_name,resident_last_name,case_control_no,internal_code,safehouse_id,case_status,sex,date_of_birth,birth_status,place_of_birth,religion,case_category,sub_cat_orphaned,sub_cat_trafficked,sub_cat_child_labor,sub_cat_physical_abuse,sub_cat_sexual_abuse,sub_cat_osaec,sub_cat_cicl,sub_cat_at_risk,sub_cat_street_child,sub_cat_child_with_hiv,is_pwd,pwd_type,has_special_needs,special_needs_diagnosis,family_is_4ps,family_solo_parent,family_indigenous,family_parent_pwd,family_informal_settler,date_of_admission,age_upon_admission,present_age,length_of_stay,referral_source,referring_agency_person,date_colb_registered,date_colb_obtained,assigned_social_worker,initial_case_assessment,date_case_study_prepared,reintegration_type,reintegration_status,initial_risk_level,current_risk_level,date_enrolled,date_closed,created_at,notes_restricted
1,Lillian,Brown,C0043,LS-0001,4,Active,F,8/31/2008,Marital,Davao City,Unspecified,Neglected,FALSE,FALSE,FALSE,FALSE,FALSE,FALSE,FALSE,FALSE,FALSE,FALSE,FALSE,,TRUE,Speech Impairment,FALSE,FALSE,FALSE,FALSE,FALSE,10/17/2023,15 Years 9 months,17 Years 6 months,2 Years 4 months,NGO,Ramon Cruz,,,SW-15,For Reunification,12/14/2023,Foster Care,In Progress,Critical,High,10/17/2023,,10/17/2023 0:00,
2,Amira,Young,C2530,LS-0002,3,Closed,F,4/23/2008,Marital,Cebu City,Seventh-day Adventist,Surrendered,FALSE,FALSE,FALSE,FALSE,FALSE,FALSE,FALSE,TRUE,TRUE,FALSE,FALSE,,FALSE,,FALSE,FALSE,TRUE,FALSE,FALSE,3/18/2023,15 Years 5 months,17 Years 10 months,1 Years 9 months,Government Agency,Ana Cruz,7/6/2023,12/30/2024,SW-14,For Continued Care,4/10/2023,Family Reunification,Completed,Medium,Medium,3/18/2023,1/6/2025,3/18/2023 0:00,
3,Gabriella,Moore,C3946,LS-0003,1,Active,F,1/31/2007,Marital,Manila,Roman Catholic,Surrendered,FALSE,FALSE,FALSE,FALSE,TRUE,FALSE,FALSE,FALSE,FALSE,FALSE,FALSE,,FALSE,,FALSE,FALSE,FALSE,FALSE,FALSE,5/24/2024,18 Years 3 months,19 Years 1 months,1 Years 9 months,Government Agency,,8/2/2024,9/21/2024,SW-20,For Independent Living,,Foster Care,Completed,Medium,Medium,5/24/2024,,5/24/2024 0:00,
4,Eleanor,Mendoza,C3116,LS-0004,2,Active,F,6/29/2012,Marital,Davao City,Evangelical,Neglected,FALSE,FALSE,FALSE,FALSE,FALSE,FALSE,TRUE,FALSE,FALSE,FALSE,FALSE,,FALSE,,FALSE,FALSE,FALSE,FALSE,FALSE,9/27/2024,12 Years 11 months,13 Years 8 months,1 Years 5 months,Court Order,,,,SW-15,For Reunification,10/25/2024,None,On Hold,High,Low,9/27/2024,,9/27/2024 0:00,
5,Riley,Ramos,C9132,LS-0005,4,Transferred,F,4/20/2009,Marital,Pasay City,Buddhism,Surrendered,FALSE,FALSE,FALSE,TRUE,FALSE,TRUE,FALSE,FALSE,FALSE,FALSE,TRUE,Intellectual,FALSE,,TRUE,FALSE,FALSE,FALSE,FALSE,1/10/2024,15 Years 4 months,16 Years 10 months,0 Years 9 months,Self-Referral,Mark Dizon,2/18/2024,,SW-04,For Independent Living,2/14/2024,Family Reunification,Completed,Medium,Low,1/10/2024,10/8/2024,1/10/2024 0:00,
6,Gloria,Jones,C7286,LS-0006,5,Active,F,5/19/2006,Non-Marital,Pasay City,Seventh-day Adventist,Foundling,TRUE,FALSE,FALSE,FALSE,FALSE,TRUE,FALSE,FALSE,FALSE,FALSE,FALSE,,FALSE,,FALSE,TRUE,FALSE,FALSE,FALSE,8/30/2023,18 Years 10 months,19 Years 9 months,2 Years 6 months,Community,Elena Santos,10/13/2023,11/8/2023,SW-05,For Reunification,9/29/2023,Family Reunification,In Progress,High,Medium,8/30/2023,,8/30/2023 0:00,
7,Amelia,Lopez,C6898,LS-0007,6,Active,F,9/17/2015,Marital,Zamboanga City,Evangelical,Foundling,FALSE,FALSE,FALSE,FALSE,FALSE,FALSE,FALSE,FALSE,TRUE,FALSE,FALSE,,FALSE,,TRUE,FALSE,FALSE,FALSE,FALSE,6/22/2024,9 Years 7 months,10 Years 5 months,1 Years 8 months,Self-Referral,,10/16/2024,5/24/2025,SW-04,For Reunification,,Independent Living,In Progress,Low,Low,6/22/2024,,6/22/2024 0:00,
8,Allison,Robinson,C3744,LS-0008,4,Active,F,2/15/2012,Marital,Iloilo City,Seventh-day Adventist,Foundling,FALSE,FALSE,TRUE,FALSE,TRUE,FALSE,TRUE,TRUE,FALSE,FALSE,FALSE,,FALSE,,FALSE,TRUE,FALSE,FALSE,FALSE,2/28/2024,12 Years 6 months,14 Years 0 months,2 Years 0 months,Court Order,Grace Flores,3/25/2024,10/28/2024,SW-05,For Independent Living,3/12/2024,Adoption (Domestic),Not Started,High,High,2/28/2024,,2/28/2024 0:00,
9,Elisa,Cox,C3706,LS-0009,7,Active,F,2/25/2013,Marital,Quezon City,Buddhism,Surrendered,TRUE,FALSE,FALSE,FALSE,FALSE,FALSE,FALSE,FALSE,TRUE,FALSE,FALSE,,TRUE,Learning Disability,TRUE,FALSE,FALSE,FALSE,FALSE,4/6/2025,12 Years 9 months,13 Years 0 months,0 Years 10 months,Government Agency,Ramon Reyes,6/14/2025,1/17/2026,SW-16,For Continued Care,5/10/2025,Foster Care,Not Started,Medium,Low,4/6/2025,,4/6/2025 0:00,
10,Charlotte,Bailey,C1817,LS-0010,1,Active,F,8/31/2008,Marital,Makati City,Other,Surrendered,FALSE,TRUE,FALSE,FALSE,FALSE,FALSE,FALSE,TRUE,FALSE,FALSE,FALSE,,FALSE,,TRUE,FALSE,FALSE,FALSE,FALSE,10/18/2023,15 Years 7 months,17 Years 6 months,2 Years 4 months,Government Agency,,3/12/2024,12/27/2025,SW-14,For Adoption,10/20/2023,Foster Care,On Hold,High,Low,10/18/2023,,10/18/2023 0:00,
11,Faith,Castillo,C5929,LS-0011,1,Closed,F,11/12/2005,Marital,Iloilo City,Buddhism,Surrendered,FALSE,FALSE,FALSE,TRUE,FALSE,FALSE,FALSE,FALSE,FALSE,FALSE,FALSE,,FALSE,,TRUE,TRUE,FALSE,FALSE,FALSE,4/1/2023,18 Years 6 months,20 Years 3 months,1 Years 8 months,Court Order,Ramon Flores,8/23/2023,7/7/2024,SW-11,For Adoption,4/9/2023,Adoption (Domestic),Completed,Low,Low,4/1/2023,12/18/2024,4/1/2023 0:00,
12,Diana,Lewis,C5767,LS-0012,3,Active,F,5/19/2015,Marital,Manila,Evangelical,Abandoned,FALSE,FALSE,TRUE,FALSE,FALSE,FALSE,FALSE,FALSE,TRUE,FALSE,FALSE,,FALSE,,FALSE,FALSE,FALSE,FALSE,FALSE,6/3/2024,9 Years 7 months,10 Years 9 months,1 Years 9 months,Government Agency,Elena Reyes,9/23/2024,,SW-17,For Continued Care,7/19/2024,Adoption (Domestic),In Progress,High,High,6/3/2024,,6/3/2024 0:00,
13,Patricia,Ramos,C9796,LS-0013,2,Closed,F,5/12/2014,Marital,Antipolo,Jehovah's Witness,Surrendered,FALSE,FALSE,TRUE,FALSE,FALSE,FALSE,FALSE,FALSE,FALSE,FALSE,FALSE,,FALSE,,FALSE,FALSE,FALSE,FALSE,FALSE,2/23/2023,9 Years 8 months,11 Years 9 months,1 Years 5 months,Community,Joy Cruz,4/18/2023,5/14/2024,SW-16,For Foster Care,3/12/2023,Adoption (Domestic),Completed,Medium,Low,2/23/2023,7/29/2024,2/23/2023 0:00,
14,Nadia,Figueroa,C8844,LS-0014,7,Active,F,11/1/2007,Non-Marital,Davao City,Other,Foundling,FALSE,TRUE,FALSE,FALSE,FALSE,FALSE,TRUE,FALSE,FALSE,FALSE,FALSE,,FALSE,,FALSE,TRUE,FALSE,FALSE,FALSE,1/26/2025,18 Years 10 months,18 Years 4 months,1 Years 1 months,Community,,4/8/2025,12/21/2025,SW-17,For Independent Living,,Foster Care,In Progress,Critical,Low,1/26/2025,,1/26/2025 0:00,
15,Olivia,Freeman,C0855,LS-0015,8,Transferred,F,3/14/2007,Marital,Cebu City,Buddhism,Surrendered,TRUE,TRUE,FALSE,FALSE,FALSE,TRUE,FALSE,FALSE,FALSE,FALSE,FALSE,,FALSE,,FALSE,TRUE,TRUE,FALSE,FALSE,10/18/2024,18 Years 1 months,18 Years 11 months,1 Years 10 months,Police,,12/30/2024,,SW-16,For Foster Care,12/17/2024,Family Reunification,On Hold,Low,Low,10/18/2024,8/21/2026,10/18/2024 0:00,
16,Brooklyn,Price,C3534,LS-0016,8,Active,F,3/12/2008,Marital,Manila,Islam,Surrendered,FALSE,TRUE,FALSE,FALSE,FALSE,TRUE,FALSE,FALSE,TRUE,FALSE,FALSE,,FALSE,,FALSE,FALSE,FALSE,FALSE,FALSE,6/3/2023,15 Years 9 months,17 Years 11 months,2 Years 9 months,Government Agency,,10/10/2023,11/12/2024,SW-16,For Reunification,7/20/2023,Family Reunification,In Progress,Low,Low,6/3/2023,,6/3/2023 0:00,
17,Gloria,Baker,C3951,LS-0017,1,Active,F,4/8/2010,Marital,Quezon City,Seventh-day Adventist,Surrendered,FALSE,FALSE,TRUE,FALSE,FALSE,FALSE,FALSE,FALSE,TRUE,FALSE,FALSE,,FALSE,,TRUE,TRUE,TRUE,FALSE,FALSE,1/20/2025,15 Years 9 months,15 Years 11 months,1 Years 1 months,Government Agency,,4/21/2025,,SW-02,For Adoption,3/8/2025,Adoption (Inter-Country),On Hold,Critical,Medium,1/20/2025,,1/20/2025 0:00,
18,Nadia,Martin,C6335,LS-0018,8,Closed,F,11/20/2008,Marital,Las PiÃ±as,Evangelical,Neglected,FALSE,TRUE,FALSE,FALSE,FALSE,FALSE,TRUE,FALSE,FALSE,FALSE,FALSE,,FALSE,,FALSE,TRUE,FALSE,FALSE,FALSE,12/14/2023,15 Years 5 months,17 Years 3 months,1 Years 0 months,Government Agency,Lina Cruz,6/4/2024,6/11/2024,SW-05,For Continued Care,2/8/2024,Family Reunification,In Progress,Medium,Medium,12/14/2023,12/19/2024,12/14/2023 0:00,
19,Allison,Freeman,C6002,LS-0019,4,Active,F,11/25/2011,Marital,Cagayan de Oro,Seventh-day Adventist,Surrendered,FALSE,TRUE,TRUE,FALSE,TRUE,FALSE,FALSE,TRUE,FALSE,FALSE,FALSE,,TRUE,Developmental Delay,FALSE,TRUE,FALSE,FALSE,FALSE,1/6/2024,12 Years 0 months,14 Years 3 months,2 Years 1 months,Self-Referral,Noel Reyes,,,SW-11,For Adoption,3/16/2024,Adoption (Domestic),Completed,Medium,Low,1/6/2024,,1/6/2024 0:00,
20,Tamika,Wilson,C2853,LS-0020,1,Closed,F,6/4/2010,Marital,Bacolod,Roman Catholic,Neglected,FALSE,FALSE,FALSE,FALSE,TRUE,FALSE,TRUE,FALSE,FALSE,FALSE,FALSE,,FALSE,,FALSE,TRUE,FALSE,TRUE,FALSE,3/23/2025,15 Years 3 months,15 Years 9 months,1 Years 6 months,NGO,Ana Reyes,6/8/2025,11/20/2025,SW-08,For Adoption,,Adoption (Domestic),Completed,High,Medium,3/23/2025,9/24/2026,3/23/2025 0:00,
21,Zoey,Carter,C9025,LS-0021,5,Active,F,11/4/2011,Marital,Davao City,Jehovah's Witness,Surrendered,FALSE,FALSE,FALSE,FALSE,FALSE,TRUE,FALSE,TRUE,FALSE,FALSE,FALSE,,FALSE,,FALSE,FALSE,TRUE,FALSE,FALSE,10/9/2023,12 Years 9 months,14 Years 4 months,2 Years 4 months,Court Order,Noel Reyes,11/18/2023,3/27/2025,SW-15,For Foster Care,10/27/2023,Adoption (Domestic),Completed,Medium,Low,10/9/2023,,10/9/2023 0:00,
22,Nora,Rivera,C6533,LS-0022,6,Transferred,F,7/29/2008,Marital,Bacolod,Islam,Abandoned,TRUE,TRUE,FALSE,FALSE,FALSE,FALSE,FALSE,FALSE,FALSE,FALSE,FALSE,,FALSE,,FALSE,FALSE,FALSE,FALSE,TRUE,5/14/2023,15 Years 5 months,17 Years 7 months,1 Years 6 months,NGO,Ana Reyes,10/13/2023,,SW-16,For Adoption,5/27/2023,Adoption (Domestic),Completed,High,Medium,5/14/2023,11/23/2024,5/14/2023 0:00,
23,Shaniqua,Cox,C5996,LS-0023,5,Closed,F,1/6/2014,Marital,Iloilo City,Unspecified,Foundling,FALSE,FALSE,FALSE,FALSE,TRUE,FALSE,FALSE,FALSE,FALSE,FALSE,FALSE,,FALSE,,FALSE,FALSE,TRUE,FALSE,FALSE,2/16/2023,9 Years 3 months,12 Years 1 months,1 Years 7 months,Police,,5/27/2023,,SW-10,For Continued Care,4/22/2023,Adoption (Domestic),In Progress,High,Medium,2/16/2023,9/28/2024,2/16/2023 0:00,
24,Jasmine,Figueroa,C5428,LS-0024,4,Active,F,11/17/2015,Non-Marital,Caloocan,Roman Catholic,Foundling,FALSE,FALSE,FALSE,FALSE,FALSE,FALSE,TRUE,FALSE,FALSE,FALSE,FALSE,,FALSE,,FALSE,TRUE,FALSE,FALSE,TRUE,11/20/2024,9 Years 9 months,10 Years 3 months,1 Years 3 months,Court Order,Mark Flores,,,SW-02,For Foster Care,1/30/2025,Adoption (Domestic),On Hold,Medium,Low,11/20/2024,,11/20/2024 0:00,
25,Emily,Patel,C5141,LS-0025,1,Active,F,5/25/2008,Marital,Caloocan,Buddhism,Surrendered,FALSE,TRUE,FALSE,FALSE,TRUE,FALSE,FALSE,FALSE,FALSE,FALSE,FALSE,,FALSE,,FALSE,FALSE,FALSE,FALSE,FALSE,6/27/2023,15 Years 5 months,17 Years 9 months,2 Years 8 months,Police,,,,SW-10,For Reunification,7/7/2023,Independent Living,Completed,High,High,6/27/2023,,6/27/2023 0:00,
26,Teresa,Morgan,C3506,LS-0026,3,Closed,F,11/12/2005,Marital,Zamboanga City,Islam,Abandoned,FALSE,FALSE,FALSE,FALSE,TRUE,FALSE,FALSE,TRUE,FALSE,TRUE,FALSE,,FALSE,,FALSE,FALSE,FALSE,FALSE,TRUE,7/26/2023,18 Years 4 months,20 Years 3 months,1 Years 3 months,Government Agency,,12/19/2023,1/7/2024,SW-06,For Independent Living,,Foster Care,Not Started,Critical,Low,7/26/2023,10/25/2024,7/26/2023 0:00,
27,Stella,Carter,C6505,LS-0027,2,Transferred,F,12/19/2012,Marital,Zamboanga City,Evangelical,Neglected,FALSE,FALSE,FALSE,FALSE,FALSE,FALSE,FALSE,FALSE,FALSE,FALSE,FALSE,,FALSE,,FALSE,FALSE,TRUE,FALSE,FALSE,3/17/2025,12 Years 4 months,13 Years 2 months,1 Years 10 months,Self-Referral,Maria Dizon,5/3/2025,,SW-16,For Adoption,,Independent Living,In Progress,Medium,Low,3/17/2025,2/2/2027,3/17/2025 0:00,
28,Penelope,Peterson,C5401,LS-0028,3,Closed,F,11/17/2011,Marital,Bacolod,Buddhism,Abandoned,FALSE,FALSE,FALSE,FALSE,FALSE,FALSE,FALSE,FALSE,FALSE,FALSE,FALSE,,FALSE,,FALSE,FALSE,FALSE,FALSE,FALSE,11/6/2023,12 Years 11 months,14 Years 3 months,0 Years 6 months,NGO,,4/6/2024,,SW-03,For Continued Care,2/4/2024,Adoption (Domestic),Not Started,Medium,Medium,11/6/2023,5/15/2024,11/6/2023 0:00,
29,Monique,Watson,C1839,LS-0029,8,Transferred,F,1/30/2011,Non-Marital,Bacolod,Evangelical,Abandoned,FALSE,FALSE,FALSE,FALSE,FALSE,TRUE,FALSE,FALSE,FALSE,FALSE,FALSE,,FALSE,,TRUE,TRUE,TRUE,FALSE,TRUE,3/5/2023,12 Years 2 months,15 Years 1 months,1 Years 11 months,Community,,,,SW-03,For Independent Living,4/26/2023,Foster Care,Completed,Medium,Medium,3/5/2023,1/30/2025,3/5/2023 0:00,
30,Tiffany,Kelly,C6888,LS-0030,5,Transferred,F,1/26/2009,Non-Marital,Caloocan,Jehovah's Witness,Abandoned,FALSE,FALSE,TRUE,FALSE,FALSE,FALSE,FALSE,TRUE,TRUE,FALSE,FALSE,,FALSE,,FALSE,FALSE,FALSE,FALSE,FALSE,1/19/2024,15 Years 6 months,17 Years 1 months,1 Years 6 months,Government Agency,Lina Flores,,,SW-01,For Foster Care,1/31/2024,Independent Living,Completed,Critical,Critical,1/19/2024,8/12/2025,1/19/2024 0:00,
31,Paige,Alvarez,C0798,LS-0031,1,Closed,F,10/22/2011,Non-Marital,Quezon City,Jehovah's Witness,Abandoned,FALSE,FALSE,FALSE,FALSE,FALSE,FALSE,FALSE,FALSE,FALSE,FALSE,FALSE,,FALSE,,TRUE,TRUE,FALSE,FALSE,FALSE,9/8/2023,12 Years 8 months,14 Years 4 months,0 Years 7 months,Government Agency,,,,SW-13,For Continued Care,10/31/2023,Adoption (Inter-Country),In Progress,Medium,Low,9/8/2023,4/20/2024,9/8/2023 0:00,
32,Luna,Garcia,C3013,LS-0032,6,Active,F,3/26/2010,Non-Marital,Las PiÃ±as,Unspecified,Foundling,FALSE,FALSE,FALSE,FALSE,TRUE,FALSE,FALSE,FALSE,FALSE,FALSE,FALSE,,FALSE,,TRUE,TRUE,FALSE,FALSE,FALSE,2/11/2025,15 Years 3 months,15 Years 11 months,1 Years 0 months,Court Order,Sofia Dizon,5/7/2025,5/14/2025,SW-07,For Foster Care,,Family Reunification,On Hold,Medium,Medium,2/11/2025,,2/11/2025 0:00,
33,Autumn,Reid,C9903,LS-0033,7,Transferred,F,2/1/2013,Marital,Bacolod,Seventh-day Adventist,Foundling,FALSE,FALSE,FALSE,FALSE,FALSE,FALSE,FALSE,FALSE,FALSE,FALSE,TRUE,Hearing,FALSE,,TRUE,FALSE,FALSE,FALSE,FALSE,12/21/2024,12 Years 8 months,13 Years 1 months,1 Years 0 months,Self-Referral,Joy Cruz,,,SW-16,For Independent Living,2/4/2025,Foster Care,In Progress,Low,Low,12/21/2024,1/14/2026,12/21/2024 0:00,
34,Tanya,Hernandez,C8001,LS-0034,7,Closed,F,9/30/2008,Marital,Davao City,Islam,Abandoned,TRUE,TRUE,FALSE,FALSE,TRUE,FALSE,FALSE,FALSE,FALSE,TRUE,FALSE,,FALSE,,TRUE,FALSE,FALSE,FALSE,FALSE,7/8/2023,15 Years 10 months,17 Years 5 months,0 Years 8 months,Government Agency,,9/7/2023,1/19/2024,SW-09,For Adoption,8/27/2023,Family Reunification,Completed,High,Medium,7/8/2023,3/4/2024,7/8/2023 0:00,
35,Nevaeh,Gonzalez,C7521,LS-0035,3,Transferred,F,3/20/2007,Non-Marital,Pasay City,Roman Catholic,Surrendered,TRUE,FALSE,FALSE,TRUE,TRUE,FALSE,FALSE,FALSE,FALSE,FALSE,FALSE,,TRUE,Learning Disability,FALSE,TRUE,FALSE,FALSE,FALSE,8/1/2024,18 Years 4 months,18 Years 11 months,1 Years 2 months,Court Order,,,,SW-19,For Reunification,9/10/2024,Family Reunification,In Progress,Medium,Medium,8/1/2024,10/4/2025,8/1/2024 0:00,
36,Gabriela,Scott,C6526,LS-0036,1,Active,F,2/7/2011,Non-Marital,Pasay City,Seventh-day Adventist,Surrendered,FALSE,FALSE,FALSE,FALSE,TRUE,FALSE,FALSE,TRUE,FALSE,FALSE,FALSE,,FALSE,,FALSE,FALSE,FALSE,FALSE,FALSE,3/20/2023,12 Years 3 months,15 Years 0 months,2 Years 11 months,Self-Referral,Ramon Garcia,8/25/2023,5/3/2024,SW-03,For Reunification,5/7/2023,None,In Progress,High,Low,3/20/2023,,3/20/2023 0:00,
37,Sandra,Brooks,C5189,LS-0037,4,Closed,F,1/29/2015,Marital,Davao City,Evangelical,Foundling,FALSE,FALSE,FALSE,FALSE,TRUE,FALSE,TRUE,FALSE,FALSE,FALSE,FALSE,,FALSE,,TRUE,FALSE,FALSE,FALSE,FALSE,1/5/2024,9 Years 7 months,11 Years 1 months,0 Years 9 months,Police,Noel Santos,4/25/2024,7/10/2024,SW-16,For Reunification,2/5/2024,None,On Hold,Medium,Low,1/5/2024,10/20/2024,1/5/2024 0:00,
38,Valentina,Lee,C3204,LS-0038,2,Active,F,5/9/2015,Marital,Zamboanga City,Other,Neglected,FALSE,FALSE,FALSE,FALSE,FALSE,FALSE,FALSE,FALSE,FALSE,FALSE,FALSE,,FALSE,,FALSE,TRUE,FALSE,FALSE,FALSE,4/13/2024,9 Years 0 months,10 Years 9 months,1 Years 10 months,Police,Ramon Santos,8/30/2024,9/26/2024,SW-15,For Foster Care,5/20/2024,Family Reunification,On Hold,Low,Low,4/13/2024,,4/13/2024 0:00,
39,Camila,Rivera,C2281,LS-0039,8,Closed,F,8/6/2012,Non-Marital,Cebu City,Unspecified,Surrendered,FALSE,FALSE,FALSE,FALSE,FALSE,FALSE,FALSE,FALSE,FALSE,FALSE,FALSE,,FALSE,,TRUE,FALSE,FALSE,FALSE,FALSE,10/10/2024,12 Years 2 months,13 Years 7 months,1 Years 4 months,Court Order,Joy Dizon,11/4/2024,7/23/2025,SW-17,For Continued Care,12/22/2024,Foster Care,On Hold,Low,Low,10/10/2024,2/12/2026,10/10/2024 0:00,
40,Julia,Gray,C7587,LS-0040,1,Active,F,12/19/2009,Non-Marital,Bacolod,Evangelical,Abandoned,FALSE,FALSE,TRUE,FALSE,FALSE,FALSE,FALSE,FALSE,FALSE,FALSE,FALSE,,FALSE,,FALSE,TRUE,TRUE,FALSE,TRUE,3/1/2025,15 Years 8 months,16 Years 2 months,1 Years 0 months,Court Order,Elena Flores,7/22/2025,11/17/2025,SW-08,For Independent Living,3/24/2025,None,On Hold,Low,Low,3/1/2025,,3/1/2025 0:00,
41,Naomi,Price,C3233,LS-0041,9,Active,F,4/10/2009,Marital,Las PiÃ±as,Evangelical,Surrendered,FALSE,FALSE,FALSE,FALSE,FALSE,TRUE,FALSE,FALSE,FALSE,FALSE,FALSE,,FALSE,,TRUE,TRUE,FALSE,FALSE,FALSE,4/5/2024,15 Years 0 months,16 Years 10 months,1 Years 11 months,Community,Elena Cruz,6/22/2024,7/9/2025,SW-05,For Continued Care,6/20/2024,Independent Living,In Progress,High,High,4/5/2024,,4/5/2024 0:00,
42,Grace,Cox,C8805,LS-0042,6,Active,F,8/12/2007,Marital,Davao City,Seventh-day Adventist,Abandoned,FALSE,FALSE,FALSE,FALSE,FALSE,FALSE,FALSE,FALSE,FALSE,FALSE,FALSE,,FALSE,,FALSE,TRUE,FALSE,FALSE,TRUE,12/11/2024,18 Years 8 months,18 Years 6 months,1 Years 2 months,NGO,,4/16/2025,6/12/2025,SW-19,For Reunification,2/18/2025,Adoption (Domestic),Not Started,Low,Low,12/11/2024,,12/11/2024 0:00,
43,Skylar,Morgan,C7232,LS-0043,2,Closed,F,4/1/2007,Non-Marital,Manila,Roman Catholic,Neglected,FALSE,FALSE,FALSE,FALSE,FALSE,FALSE,FALSE,FALSE,FALSE,FALSE,FALSE,,FALSE,,TRUE,TRUE,FALSE,FALSE,TRUE,7/13/2024,18 Years 11 months,18 Years 11 months,1 Years 1 months,Police,,12/6/2024,1/23/2025,SW-05,For Independent Living,,Adoption (Domestic),In Progress,Low,Low,7/13/2024,8/20/2025,7/13/2024 0:00,
44,Aaliyah,Lee,C2175,LS-0044,9,Closed,F,10/23/2008,Marital,Pasay City,Buddhism,Foundling,FALSE,FALSE,TRUE,FALSE,FALSE,FALSE,FALSE,FALSE,FALSE,FALSE,FALSE,,FALSE,,FALSE,FALSE,TRUE,FALSE,FALSE,9/13/2023,15 Years 10 months,17 Years 4 months,0 Years 10 months,Community,Lina Santos,12/4/2023,,SW-11,For Continued Care,11/24/2023,Adoption (Inter-Country),Completed,Medium,Medium,9/13/2023,8/7/2024,9/13/2023 0:00,
45,Vera,Carter,C0794,LS-0045,3,Transferred,F,2/4/2008,Non-Marital,Bacolod,Unspecified,Abandoned,TRUE,FALSE,FALSE,FALSE,TRUE,FALSE,FALSE,FALSE,FALSE,FALSE,FALSE,,FALSE,,FALSE,TRUE,FALSE,FALSE,FALSE,2/17/2023,15 Years 0 months,18 Years 1 months,0 Years 9 months,Court Order,Sofia Dizon,7/18/2023,11/8/2023,SW-01,For Reunification,3/4/2023,Adoption (Inter-Country),In Progress,Medium,Medium,2/17/2023,11/25/2023,2/17/2023 0:00,
46,Kezia,Brooks,C3752,LS-0046,7,Active,F,4/14/2015,Non-Marital,Davao City,Other,Foundling,FALSE,FALSE,TRUE,FALSE,TRUE,FALSE,TRUE,FALSE,FALSE,FALSE,FALSE,,FALSE,,FALSE,FALSE,FALSE,FALSE,TRUE,1/28/2024,9 Years 1 months,10 Years 10 months,2 Years 1 months,Police,,3/3/2024,12/23/2025,SW-03,For Foster Care,4/13/2024,Adoption (Domestic),Not Started,High,Low,1/28/2024,,1/28/2024 0:00,
47,Sadie,Ruiz,C4943,LS-0047,4,Closed,F,8/27/2008,Non-Marital,Makati City,Unspecified,Abandoned,FALSE,FALSE,FALSE,TRUE,FALSE,TRUE,FALSE,FALSE,FALSE,FALSE,FALSE,,FALSE,,TRUE,FALSE,FALSE,TRUE,FALSE,7/30/2023,15 Years 10 months,17 Years 6 months,1 Years 0 months,Self-Referral,Mark Dizon,11/9/2023,1/26/2024,SW-09,For Reunification,10/3/2023,Foster Care,In Progress,Low,Low,7/30/2023,8/6/2024,7/30/2023 0:00,
48,Kiara,Reid,C6402,LS-0048,5,Active,F,6/22/2009,Marital,Iloilo City,Islam,Surrendered,TRUE,TRUE,FALSE,FALSE,FALSE,FALSE,FALSE,FALSE,FALSE,FALSE,FALSE,,FALSE,,FALSE,FALSE,FALSE,FALSE,TRUE,8/23/2024,15 Years 10 months,16 Years 8 months,1 Years 6 months,Police,,8/30/2024,11/12/2025,SW-09,For Continued Care,11/4/2024,Adoption (Inter-Country),On Hold,Medium,Medium,8/23/2024,,8/23/2024 0:00,
49,Scarlett,Robinson,C0909,LS-0049,5,Active,F,1/27/2007,Non-Marital,Valenzuela,Evangelical,Abandoned,FALSE,FALSE,TRUE,FALSE,FALSE,FALSE,FALSE,TRUE,FALSE,FALSE,FALSE,,FALSE,,FALSE,FALSE,FALSE,FALSE,FALSE,5/26/2024,18 Years 5 months,19 Years 1 months,1 Years 9 months,Government Agency,Ana Santos,10/5/2024,,SW-13,For Reunification,,Adoption (Domestic),Completed,Low,Low,5/26/2024,,5/26/2024 0:00,
50,Harper,Figueroa,C7484,LS-0050,4,Active,F,2/7/2011,Non-Marital,Makati City,Unspecified,Neglected,FALSE,FALSE,FALSE,FALSE,FALSE,FALSE,FALSE,TRUE,FALSE,TRUE,FALSE,,FALSE,,FALSE,TRUE,FALSE,FALSE,FALSE,1/9/2023,12 Years 9 months,15 Years 0 months,3 Years 1 months,Community,,1/24/2023,,SW-05,For Adoption,2/7/2023,Independent Living,On Hold,High,Medium,1/9/2023,,1/9/2023 0:00,
51,Alexis,Phillips,C6103,LS-0051,2,Closed,F,3/20/2009,Marital,Zamboanga City,Roman Catholic,Surrendered,FALSE,FALSE,FALSE,FALSE,FALSE,FALSE,FALSE,FALSE,FALSE,FALSE,TRUE,Hearing,FALSE,,FALSE,TRUE,FALSE,FALSE,FALSE,4/14/2024,15 Years 2 months,16 Years 11 months,0 Years 8 months,Self-Referral,Grace Reyes,10/6/2024,1/4/2025,SW-20,For Reunification,5/25/2024,Foster Care,Not Started,Low,Low,4/14/2024,1/5/2025,4/14/2024 0:00,
52,Naomi,Rodriguez,C5829,LS-0052,2,Closed,F,3/19/2009,Marital,Bacolod,Islam,Abandoned,TRUE,TRUE,FALSE,TRUE,TRUE,FALSE,FALSE,TRUE,FALSE,FALSE,FALSE,,TRUE,Learning Disability,TRUE,FALSE,TRUE,TRUE,FALSE,2/10/2024,15 Years 2 months,16 Years 11 months,0 Years 7 months,Government Agency,Noel Reyes,7/5/2024,8/24/2024,SW-16,For Reunification,4/4/2024,Foster Care,Completed,High,Low,2/10/2024,9/27/2024,2/10/2024 0:00,
53,Katherine,Reed,C3067,LS-0053,6,Active,F,12/13/2011,Marital,Pasay City,Buddhism,Surrendered,FALSE,FALSE,FALSE,TRUE,FALSE,FALSE,FALSE,FALSE,FALSE,FALSE,FALSE,,TRUE,Speech Impairment,FALSE,TRUE,FALSE,FALSE,FALSE,10/9/2023,12 Years 0 months,14 Years 2 months,2 Years 4 months,Government Agency,Sofia Reyes,,,SW-09,For Reunification,,Adoption (Domestic),Completed,Medium,Low,10/9/2023,,10/9/2023 0:00,
54,Alexis,Ramirez,C2616,LS-0054,7,Transferred,F,5/18/2008,Non-Marital,Quezon City,Islam,Neglected,FALSE,FALSE,FALSE,FALSE,FALSE,FALSE,FALSE,FALSE,FALSE,FALSE,FALSE,,FALSE,,FALSE,FALSE,FALSE,FALSE,FALSE,4/13/2023,15 Years 8 months,17 Years 9 months,1 Years 2 months,Community,Noel Reyes,6/11/2023,6/21/2023,SW-17,For Independent Living,6/30/2023,Foster Care,In Progress,Medium,Medium,4/13/2023,6/19/2024,4/13/2023 0:00,
55,Luz,Gomez,C2908,LS-0055,2,Active,F,10/24/2007,Marital,Valenzuela,Jehovah's Witness,Abandoned,FALSE,FALSE,FALSE,FALSE,FALSE,FALSE,FALSE,TRUE,FALSE,FALSE,FALSE,,FALSE,,FALSE,FALSE,FALSE,FALSE,FALSE,4/1/2025,18 Years 0 months,18 Years 4 months,0 Years 11 months,Police,Ramon Santos,9/24/2025,11/8/2025,SW-01,For Continued Care,6/12/2025,Family Reunification,In Progress,Medium,Medium,4/1/2025,,4/1/2025 0:00,
56,Teresa,Jackson,C3620,LS-0056,1,Closed,F,6/25/2007,Marital,Cagayan de Oro,Jehovah's Witness,Surrendered,FALSE,FALSE,FALSE,FALSE,FALSE,FALSE,TRUE,FALSE,FALSE,FALSE,FALSE,,FALSE,,TRUE,FALSE,FALSE,FALSE,FALSE,10/16/2024,18 Years 5 months,18 Years 8 months,0 Years 9 months,Government Agency,,,,SW-19,For Foster Care,10/25/2024,Family Reunification,Completed,High,Low,10/16/2024,7/29/2025,10/16/2024 0:00,
57,Jasmine,Moore,C4279,LS-0057,7,Active,F,6/16/2014,Marital,Valenzuela,Evangelical,Abandoned,FALSE,FALSE,FALSE,FALSE,FALSE,FALSE,FALSE,FALSE,TRUE,FALSE,FALSE,,FALSE,,FALSE,FALSE,FALSE,FALSE,FALSE,4/18/2023,9 Years 6 months,11 Years 8 months,2 Years 10 months,NGO,Ana Dizon,10/4/2023,2/6/2025,SW-07,For Reunification,5/9/2023,Family Reunification,On Hold,Low,Low,4/18/2023,,4/18/2023 0:00,
58,Zaria,Long,C5053,LS-0058,8,Closed,F,1/8/2010,Marital,Davao City,Seventh-day Adventist,Abandoned,FALSE,FALSE,FALSE,FALSE,FALSE,FALSE,FALSE,TRUE,FALSE,FALSE,FALSE,,FALSE,,FALSE,FALSE,FALSE,FALSE,FALSE,3/14/2025,15 Years 4 months,16 Years 1 months,1 Years 7 months,Community,,4/3/2025,5/8/2025,SW-17,For Continued Care,,None,In Progress,High,Low,3/14/2025,10/22/2026,3/14/2025 0:00,
59,Jasmine,Long,C7358,LS-0059,3,Active,F,2/27/2006,Marital,Iloilo City,Evangelical,Neglected,FALSE,FALSE,FALSE,FALSE,FALSE,FALSE,FALSE,FALSE,TRUE,FALSE,FALSE,,FALSE,,TRUE,FALSE,FALSE,FALSE,FALSE,6/27/2023,18 Years 3 months,20 Years 0 months,2 Years 8 months,NGO,Ramon Flores,,,SW-04,For Reunification,7/9/2023,Independent Living,Completed,Medium,Low,6/27/2023,,6/27/2023 0:00,
60,Isabel,Howard,C4328,LS-0060,7,Transferred,F,1/10/2009,Marital,Zamboanga City,Other,Abandoned,TRUE,FALSE,FALSE,TRUE,FALSE,FALSE,FALSE,TRUE,FALSE,FALSE,FALSE,,FALSE,,FALSE,TRUE,FALSE,FALSE,FALSE,1/28/2024,15 Years 0 months,17 Years 1 months,1 Years 10 months,Police,,2/19/2024,9/22/2024,SW-14,For Independent Living,3/15/2024,Independent Living,In Progress,Medium,Medium,1/28/2024,12/5/2025,1/28/2024 0:00,
